glyph,reference_font,reference_upm,reference_width_em,reference_height_em,reference_center_x_em,reference_center_y_em,old_width_em,old_height_em,old_center_x_em,old_center_y_em,new_width_em,new_height_em,new_center_x_em,new_center_y_em,uniform_scale,dx,dy
あ,Noto Sans CJK JP Regular,1000,0.796,0.844,0.507,0.372,0.5634765625,0.662109375,0.46728515625,0.3525390625,0.6318359375,0.7529296875,0.48681640625,0.36279296875,1.143952,19.334,9.464
あ,Source Han Sans JP Regular,1000,0.796,0.844,0.507,0.372,0.5634765625,0.662109375,0.46728515625,0.3525390625,0.6318359375,0.7529296875,0.48681640625,0.36279296875,1.143952,19.334,9.464
い,Noto Sans CJK JP Regular,1000,0.794,0.709,0.523,0.3455,0.673828125,0.5556640625,0.46875,0.34912109375,0.76171875,0.6318359375,0.49609375,0.34716796875,1.16928,29.776,-3.354
い,Source Han Sans JP Regular,1000,0.794,0.709,0.523,0.3455,0.673828125,0.5556640625,0.46875,0.34912109375,0.76171875,0.6318359375,0.49609375,0.34716796875,1.16928,29.776,-3.354
う,Noto Sans CJK JP Regular,1000,0.639,0.831,0.4855,0.3675,0.3095703125,0.638671875,0.46826171875,0.3525390625,0.365234375,0.7353515625,0.4765625,0.35986328125,1.113119,6.826,6.66
う,Source Han Sans JP Regular,1000,0.639,0.831,0.4855,0.3675,0.3095703125,0.638671875,0.46826171875,0.3525390625,0.365234375,0.7353515625,0.4765625,0.35986328125,1.113119,6.826,6.66
え,Noto Sans CJK JP Regular,1000,0.792,0.831,0.512,0.3735,0.443359375,0.5703125,0.4658203125,0.3486328125,0.5703125,0.7001953125,0.4892578125,0.36083984375,1.056177,21.144,7.232
え,Source Han Sans JP Regular,1000,0.792,0.831,0.512,0.3735,0.443359375,0.5703125,0.4658203125,0.3486328125,0.5703125,0.7001953125,0.4892578125,0.36083984375,1.056177,21.144,7.232
お,Noto Sans CJK JP Regular,1000,0.845,0.831,0.5275,0.3835,0.603515625,0.66015625,0.4677734375,0.3525390625,0.6865234375,0.7451171875,0.49755859375,0.36767578125,1.128032,30.08,15.352
お,Source Han Sans JP Regular,1000,0.845,0.831,0.5275,0.3835,0.603515625,0.66015625,0.4677734375,0.3525390625,0.6865234375,0.7451171875,0.49755859375,0.36767578125,1.128032,30.08,15.352
か,Noto Sans CJK JP Regular,1000,0.887,0.821,0.5215,0.3795,0.6416015625,0.478515625,0.46826171875,0.345703125,0.6083984375,0.650390625,0.49462890625,0.3623046875,0.973462,27.258,9.804
か,Source Han Sans JP Regular,1000,0.887,0.821,0.5215,0.3795,0.6416015625,0.478515625,0.46826171875,0.345703125,0.6083984375,0.650390625,0.49462890625,0.3623046875,0.973462,27.258,9.804
き,Noto Sans CJK JP Regular,1000,0.699,0.846,0.5095,0.375,0.4365234375,0.6650390625,0.46826171875,0.35205078125,0.4951171875,0.755859375,0.48876953125,0.3642578125,1.141468,21.614,11.25
き,Source Han Sans JP Regular,1000,0.699,0.846,0.5095,0.375,0.4365234375,0.6650390625,0.46826171875,0.35205078125,0.4951171875,0.755859375,0.48876953125,0.3642578125,1.141468,21.614,11.25
く,Noto Sans CJK JP Regular,1000,0.5210574512622631,0.869,0.4654712743688684,0.3695,0.3837890625,0.505859375,0.46826171875,0.3486328125,0.3779296875,0.6875,0.46630859375,0.359375,1.033786,0.5713,6.684
く,Source Han Sans JP Regular,1000,0.5210574512622631,0.869,0.4654712743688684,0.3695,0.3837890625,0.505859375,0.46826171875,0.3486328125,0.3779296875,0.6875,0.46630859375,0.359375,1.033786,0.5713,6.684
け,Noto Sans CJK JP Regular,1000,0.803,0.839,0.5205,0.3605,0.453125,0.6376953125,0.49609375,0.32470703125,0.677734375,0.7392578125,0.5087890625,0.34228515625,1.116316,41.496,-11.174
け,Source Han Sans JP Regular,1000,0.803,0.839,0.5205,0.3605,0.453125,0.6376953125,0.49609375,0.32470703125,0.677734375,0.7392578125,0.5087890625,0.34228515625,1.116316,41.496,-11.174
こ,Noto Sans CJK JP Regular,1000,0.662,0.728,0.504,0.339,0.4697265625,0.54296875,0.49169921875,0.34765625,0.6318359375,0.634765625,0.49755859375,0.34375,1.009348,30.298,-9.932
こ,Source Han Sans JP Regular,1000,0.662,0.728,0.504,0.339,0.4697265625,0.54296875,0.49169921875,0.34765625,0.6318359375,0.634765625,0.49755859375,0.34375,1.009348,30.298,-9.932
さ,Noto Sans CJK JP Regular,1000,0.704,0.84,0.51,0.378,0.4365234375,0.6630859375,0.46826171875,0.35205078125,0.4892578125,0.7509765625,0.48876953125,0.36474609375,1.135719,21.37,11.786
さ,Source Han Sans JP Regular,1000,0.704,0.84,0.51,0.378,0.4365234375,0.6630859375,0.46826171875,0.35205078125,0.4892578125,0.7509765625,0.48876953125,0.36474609375,1.135719,21.37,11.786
し,Noto Sans CJK JP Regular,1000,0.661,0.831,0.5675,0.3645,0.4482421875,0.5703125,0.46630859375,0.349609375,0.5283203125,0.7001953125,0.51708984375,0.35693359375,1.046484,50.31,6.624
し,Source Han Sans JP Regular,1000,0.661,0.831,0.5675,0.3645,0.4482421875,0.5703125,0.46630859375,0.349609375,0.5283203125,0.7001953125,0.51708984375,0.35693359375,1.046484,50.31,6.624
す,Noto Sans CJK JP Regular,1000,0.833,0.846,0.5125,0.369,0.4892578125,0.6689453125,0.54833984375,0.31884765625,0.5615234375,0.7568359375,0.53076171875,0.34423828125,1.148392,64.15,-9.822
す,Source Han Sans JP Regular,1000,0.833,0.846,0.5125,0.369,0.4892578125,0.6689453125,0.54833984375,0.31884765625,0.5615234375,0.7568359375,0.53076171875,0.34423828125,1.148392,64.15,-9.822
せ,Noto Sans CJK JP Regular,1000,0.877,0.788,0.4835,0.377,0.4794921875,0.5625,0.47119140625,0.34765625,0.79296875,0.6748046875,0.4775390625,0.36279296875,1.241908,9.802,10.524
せ,Source Han Sans JP Regular,1000,0.877,0.788,0.4835,0.377,0.4794921875,0.5625,0.47119140625,0.34765625,0.79296875,0.6748046875,0.4775390625,0.36279296875,1.241908,9.802,10.524
そ,Noto Sans CJK JP Regular,1000,0.775,0.8120341985754027,0.4895,0.36198290071229866,0.4775390625,0.5126953125,0.47119140625,0.34912109375,0.5078125,0.6630859375,0.48046875,0.35595703125,0.994174,17.374,3.0852
そ,Source Han Sans JP Regular,1000,0.775,0.8120341985754027,0.4895,0.36198290071229866,0.4775390625,0.5126953125,0.47119140625,0.34912109375,0.5078125,0.6630859375,0.48046875,0.35595703125,0.994174,17.374,3.0852
た,Noto Sans CJK JP Regular,1000,0.807,0.831,0.5045,0.3795,0.4921875,0.681640625,0.466796875,0.3486328125,0.5390625,0.755859375,0.4853515625,0.36328125,1.142265,17.804,10.804
た,Source Han Sans JP Regular,1000,0.807,0.831,0.5045,0.3795,0.4921875,0.681640625,0.466796875,0.3486328125,0.5390625,0.755859375,0.4853515625,0.36328125,1.142265,17.804,10.804
ち,Noto Sans CJK JP Regular,1000,0.738,0.8272968621564835,0.481,0.37435156892175825,0.412109375,0.6845703125,0.466796875,0.35009765625,0.572265625,0.7568359375,0.4736328125,0.36181640625,1.142458,4.772,8.918
ち,Source Han Sans JP Regular,1000,0.738,0.8272968621564835,0.481,0.37435156892175825,0.412109375,0.6845703125,0.466796875,0.35009765625,0.572265625,0.7568359375,0.4736328125,0.36181640625,1.142458,4.772,8.918
つ,Noto Sans CJK JP Regular,1000,0.835,0.636,0.4905,0.332,0.46875,0.4052734375,0.4677734375,0.34423828125,0.5966796875,0.5205078125,0.47900390625,0.33837890625,0.932826,11.136,8.734
つ,Source Han Sans JP Regular,1000,0.835,0.636,0.4905,0.332,0.46875,0.4052734375,0.4677734375,0.34423828125,0.5966796875,0.5205078125,0.47900390625,0.33837890625,0.932826,11.136,8.734
て,Noto Sans CJK JP Regular,1000,0.797,0.759,0.4835,0.3485,0.5087890625,0.595703125,0.46826171875,0.349609375,0.5615234375,0.677734375,0.47607421875,0.349609375,1.04473,10.802,-5.568
て,Source Han Sans JP Regular,1000,0.797,0.759,0.4835,0.3485,0.5087890625,0.595703125,0.46826171875,0.349609375,0.5615234375,0.677734375,0.47607421875,0.349609375,1.04473,10.802,-5.568
と,Noto Sans CJK JP Regular,1000,0.64,0.806,0.521,0.375,0.474609375,0.5703125,0.4677734375,0.322265625,0.634765625,0.6875,0.494140625,0.3486328125,1.10382,26.752,11.5
と,Source Han Sans JP Regular,1000,0.64,0.806,0.521,0.375,0.474609375,0.5703125,0.4677734375,0.322265625,0.634765625,0.6875,0.494140625,0.3486328125,1.10382,26.752,11.5
な,Noto Sans CJK JP Regular,1000,0.838,0.853,0.513,0.3755,0.525390625,0.6142578125,0.4658203125,0.35009765625,0.6279296875,0.7333984375,0.48974609375,0.36279296875,1.104894,22.156,11.006
な,Source Han Sans JP Regular,1000,0.838,0.853,0.513,0.3755,0.525390625,0.6142578125,0.4658203125,0.35009765625,0.6279296875,0.7333984375,0.48974609375,0.36279296875,1.104894,22.156,11.006
に,Noto Sans CJK JP Regular,1000,0.775,0.793,0.5115,0.3635,0.580078125,0.5419921875,0.466796875,0.34716796875,0.708984375,0.6669921875,0.4892578125,0.35498046875,1.066407,22.388,1.862
に,Source Han Sans JP Regular,1000,0.775,0.793,0.5115,0.3635,0.580078125,0.5419921875,0.466796875,0.34716796875,0.708984375,0.6669921875,0.4892578125,0.35498046875,1.066407,22.388,1.862
ぬ,Noto Sans CJK JP Regular,1000,0.891,0.797,0.5205,0.3845,0.6416015625,0.4912109375,0.46728515625,0.35009765625,0.7783203125,0.6435546875,0.49365234375,0.36767578125,1.17419,28.246,16.114
ぬ,Source Han Sans JP Regular,1000,0.891,0.797,0.5205,0.3845,0.6416015625,0.4912109375,0.46728515625,0.35009765625,0.7783203125,0.6435546875,0.49365234375,0.36767578125,1.17419,28.246,16.114
ね,Noto Sans CJK JP Regular,1000,0.918,0.832,0.514,0.378,0.6064453125,0.7021484375,0.46826171875,0.35009765625,0.7919921875,0.767578125,0.49072265625,0.3642578125,1.20191,23.418,12.286
ね,Source Han Sans JP Regular,1000,0.918,0.832,0.514,0.378,0.6064453125,0.7021484375,0.46826171875,0.35009765625,0.7919921875,0.767578125,0.49072265625,0.3642578125,1.20191,23.418,12.286
の,Noto Sans CJK JP Regular,1000,0.82,0.749,0.498,0.3435,0.5458984375,0.41015625,0.46923828125,0.34765625,0.6455078125,0.580078125,0.48388671875,0.345703125,0.959665,17.726,-7.628
の,Source Han Sans JP Regular,1000,0.82,0.749,0.498,0.3435,0.5458984375,0.41015625,0.46923828125,0.34765625,0.6455078125,0.580078125,0.48388671875,0.345703125,0.959665,17.726,-7.628
は,Noto Sans CJK JP Regular,1000,0.835,0.808,0.5325,0.367,0.5244140625,0.6025390625,0.46630859375,0.34619140625,0.701171875,0.705078125,0.5,0.3564453125,1.0844,34.39,7.154
は,Source Han Sans JP Regular,1000,0.835,0.808,0.5325,0.367,0.5244140625,0.6025390625,0.46630859375,0.34619140625,0.701171875,0.705078125,0.5,0.3564453125,1.0844,34.39,7.154
ひ,Noto Sans CJK JP Regular,1000,0.837,0.789,0.5275,0.3445,0.5703125,0.5244140625,0.4658203125,0.34814453125,0.82421875,0.65625,0.4970703125,0.3466796875,1.253447,29.58,-5.366
ひ,Source Han Sans JP Regular,1000,0.837,0.789,0.5275,0.3445,0.5703125,0.5244140625,0.4658203125,0.34814453125,0.82421875,0.65625,0.4970703125,0.3466796875,1.253447,29.58,-5.366
ふ,Noto Sans CJK JP Regular,1000,0.92,0.802,0.502,0.372,0.6064453125,0.57421875,0.46630859375,0.349609375,0.7568359375,0.6875,0.48388671875,0.3603515625,1.18348,16.274,7.964
ふ,Source Han Sans JP Regular,1000,0.92,0.802,0.502,0.372,0.6064453125,0.57421875,0.46630859375,0.349609375,0.7568359375,0.6875,0.48388671875,0.3603515625,1.18348,16.274,7.964
へ,Noto Sans CJK JP Regular,1000,0.895,0.5984301416195923,0.5035,0.3362150708097961,0.5341796875,0.3671875,0.46826171875,0.3583984375,0.7763671875,0.482421875,0.48583984375,0.3466796875,1.177765,18.042,11.6421
へ,Source Han Sans JP Regular,1000,0.895,0.5984301416195923,0.5035,0.3362150708097961,0.5341796875,0.3671875,0.46826171875,0.3583984375,0.7763671875,0.482421875,0.48583984375,0.3466796875,1.177765,18.042,11.6421
ほ,Noto Sans CJK JP Regular,1000,0.831,0.803,0.5305,0.3645,0.5556640625,0.4326171875,0.46826171875,0.34814453125,0.724609375,0.6181640625,0.4990234375,0.35595703125,1.09223,32.866,7.374
ほ,Source Han Sans JP Regular,1000,0.831,0.803,0.5305,0.3645,0.5556640625,0.4326171875,0.46826171875,0.34814453125,0.724609375,0.6181640625,0.4990234375,0.35595703125,1.09223,32.866,7.374
ま,Noto Sans CJK JP Regular,1000,0.684,0.84,0.524,0.374,0.44140625,0.6787109375,0.4658203125,0.35009765625,0.5498046875,0.759765625,0.49462890625,0.3623046875,1.146067,27.288,9.738
ま,Source Han Sans JP Regular,1000,0.684,0.84,0.524,0.374,0.44140625,0.6787109375,0.4658203125,0.35009765625,0.5498046875,0.759765625,0.49462890625,0.3623046875,1.146067,27.288,9.738
み,Noto Sans CJK JP Regular,1000,0.876,0.811,0.51,0.3455,0.4541015625,0.5166015625,0.46826171875,0.35009765625,0.791015625,0.6640625,0.4892578125,0.34765625,1.239516,21.87,-6.854
み,Source Han Sans JP Regular,1000,0.876,0.811,0.51,0.3455,0.4541015625,0.5166015625,0.46826171875,0.35009765625,0.791015625,0.6640625,0.4892578125,0.34765625,1.239516,21.87,-6.854
む,Noto Sans CJK JP Regular,1000,0.83,0.835,0.507,0.3755,0.484375,0.5859375,0.4658203125,0.3447265625,0.55859375,0.7099609375,0.486328125,0.35986328125,1.068027,19.084,7.756
む,Source Han Sans JP Regular,1000,0.83,0.835,0.507,0.3755,0.484375,0.5859375,0.4658203125,0.3447265625,0.55859375,0.7099609375,0.486328125,0.35986328125,1.068027,19.084,7.756
め,Noto Sans CJK JP Regular,1000,0.82,0.826,0.496,0.369,0.5927734375,0.4990234375,0.46826171875,0.35009765625,0.6611328125,0.6630859375,0.48193359375,0.35986328125,0.984943,16.702,10.178
め,Source Han Sans JP Regular,1000,0.82,0.826,0.496,0.369,0.5927734375,0.4990234375,0.46826171875,0.35009765625,0.6611328125,0.6630859375,0.48193359375,0.35986328125,0.984943,16.702,10.178
も,Noto Sans CJK JP Regular,1000,0.776,0.838,0.482,0.373,0.4990234375,0.60546875,0.46923828125,0.3486328125,0.537109375,0.72265625,0.4755859375,0.3603515625,1.085869,8.034,8.976
も,Source Han Sans JP Regular,1000,0.776,0.838,0.482,0.373,0.4990234375,0.60546875,0.46923828125,0.3486328125,0.537109375,0.72265625,0.4755859375,0.3603515625,1.085869,8.034,8.976
や,Noto Sans CJK JP Regular,1000,0.853,0.859,0.4865,0.3775,0.54296875,0.6611328125,0.4755859375,0.34912109375,0.6875,0.7607421875,0.4814453125,0.36376953125,1.151094,12.588,10.03
や,Source Han Sans JP Regular,1000,0.853,0.859,0.4865,0.3775,0.54296875,0.6611328125,0.4755859375,0.34912109375,0.6875,0.7607421875,0.4814453125,0.36376953125,1.151094,12.588,10.03
ゆ,Noto Sans CJK JP Regular,1000,0.775,0.857,0.5195,0.3645,0.4755859375,0.6357421875,0.46923828125,0.35009765625,0.6357421875,0.7470703125,0.49462890625,0.35693359375,1.129014,26.234,3.874
ゆ,Source Han Sans JP Regular,1000,0.775,0.857,0.5195,0.3645,0.4755859375,0.6357421875,0.46923828125,0.35009765625,0.6357421875,0.7470703125,0.49462890625,0.35693359375,1.129014,26.234,3.874
よ,Noto Sans CJK JP Regular,1000,0.729,0.831,0.4905,0.3695,0.4619140625,0.5419921875,0.46435546875,0.34619140625,0.63671875,0.685546875,0.4775390625,0.357421875,1.063839,10.386,4.934
よ,Source Han Sans JP Regular,1000,0.729,0.831,0.4905,0.3695,0.4619140625,0.5419921875,0.46435546875,0.34619140625,0.63671875,0.685546875,0.4775390625,0.357421875,1.063839,10.386,4.934
ら,Noto Sans CJK JP Regular,1000,0.674,0.823846488190992,0.515,0.37207675590450395,0.4033203125,0.6171875,0.47021484375,0.3515625,0.5693359375,0.720703125,0.49267578125,0.361328125,1.08649,24.93,8.5033
ら,Source Han Sans JP Regular,1000,0.674,0.823846488190992,0.515,0.37207675590450395,0.4033203125,0.6171875,0.47021484375,0.3515625,0.5693359375,0.720703125,0.49267578125,0.361328125,1.08649,24.93,8.5033
り,Noto Sans CJK JP Regular,1000,0.58,0.842,0.502,0.371,0.296875,0.6640625,0.4697265625,0.3525390625,0.41015625,0.7529296875,0.486328125,0.36181640625,1.138791,19.524,8.952
り,Source Han Sans JP Regular,1000,0.58,0.842,0.502,0.371,0.296875,0.6640625,0.4697265625,0.3525390625,0.41015625,0.7529296875,0.486328125,0.36181640625,1.138791,19.524,8.952
る,Noto Sans CJK JP Regular,1000,0.744,0.797,0.484,0.3555,0.3994140625,0.55859375,0.46826171875,0.3466796875,0.4931640625,0.6787109375,0.47607421875,0.35107421875,1.009113,12.058,-1.484
る,Source Han Sans JP Regular,1000,0.744,0.797,0.484,0.3555,0.3994140625,0.55859375,0.46826171875,0.3466796875,0.4931640625,0.6787109375,0.47607421875,0.35107421875,1.009113,12.058,-1.484
れ,Noto Sans CJK JP Regular,1000,0.92,0.832,0.514,0.378,0.5439453125,0.6748046875,0.46630859375,0.35009765625,0.841796875,0.75390625,0.490234375,0.3642578125,1.282132,22.918,10.286
れ,Source Han Sans JP Regular,1000,0.92,0.832,0.514,0.378,0.5439453125,0.6748046875,0.46630859375,0.35009765625,0.841796875,0.75390625,0.490234375,0.3642578125,1.282132,22.918,10.286
ろ,Noto Sans CJK JP Regular,1000,0.744,0.789223114179397,0.48,0.3503884429103015,0.39453125,0.4892578125,0.46875,0.34716796875,0.484375,0.6396484375,0.474609375,0.34814453125,0.972211,7.76,-4.3511
ろ,Source Han Sans JP Regular,1000,0.744,0.789223114179397,0.48,0.3503884429103015,0.39453125,0.4892578125,0.46875,0.34716796875,0.484375,0.6396484375,0.474609375,0.34814453125,0.972211,7.76,-4.3511
わ,Noto Sans CJK JP Regular,1000,0.8740050705405253,0.832,0.49200253527026266,0.378,0.626953125,0.619140625,0.4833984375,0.369140625,0.677734375,0.724609375,0.48828125,0.3740234375,1.111751,19.4053,21.036
わ,Source Han Sans JP Regular,1000,0.8740050705405253,0.832,0.49200253527026266,0.378,0.626953125,0.619140625,0.4833984375,0.369140625,0.677734375,0.724609375,0.48828125,0.3740234375,1.111751,19.4053,21.036
を,Noto Sans CJK JP Regular,1000,0.787,0.843,0.4885,0.3765,0.3974609375,0.7216796875,0.46826171875,0.34716796875,0.646484375,0.783203125,0.478515625,0.3623046875,1.18494,9.862,9.018
を,Source Han Sans JP Regular,1000,0.787,0.843,0.4885,0.3765,0.3974609375,0.7216796875,0.46826171875,0.34716796875,0.646484375,0.783203125,0.478515625,0.3623046875,1.18494,9.862,9.018
ん,Noto Sans CJK JP Regular,1000,0.871,0.816,0.5115,0.37,0.6005859375,0.6171875,0.46826171875,0.3466796875,0.6953125,0.7158203125,0.490234375,0.35791015625,1.068027,24.138,8.94
ん,Source Han Sans JP Regular,1000,0.871,0.816,0.5115,0.37,0.6005859375,0.6171875,0.46826171875,0.3466796875,0.6953125,0.7158203125,0.490234375,0.35791015625,1.068027,24.138,8.94
